attributes.ID_oc,attributes.Numero,attributes.CodEstadoOcorrencia,attributes.EstadoOcorrencia,attributes.EstadoAgrupado,attributes.DataInicioOcorrencia,attributes.DataOcorrencia,attributes.Data,attributes.Hora,attributes.Ano,attributes.Duracao,attributes.DuracaoMinutos,attributes.FaseIncendio,attributes.CodNatureza,attributes.Natureza,attributes.Regiao,attributes.SubRegiao,attributes.Concelho,attributes.Freguesia,attributes.Localidade,attributes.Endereco,attributes.OperacionaisTerrestres,attributes.OPAereos,attributes.Operacionais,attributes.MeiosTerrestres,attributes.MeiosAereos,attributes.QuantEntidades,attributes.Latitude,attributes.Longitude,attributes.DDD,attributes.DDM,attributes.DMS,attributes.DataDosDados,attributes.Simbol,attributes.RASI,attributes.ID,geometry.x,geometry.y,id,address,subregion,date,date.1,state,nature,aerial_means,terrestrial_means,operational,state_2,Concelho,Distrito,NUTII_DSG,longitude,latitude,nature_description
49768969,20260190881,5,Chegada ao TO,Em Despacho,05/02/2026 10:00,1770285600000,2026-02-05,10:00,2026,242/09:40,349060,---,3313,3313 - Movimento de massa,Centro,Beira Baixa,Sertã,Pedrógão Pequeno,PEDROGÃO PEQUENO,EN 2 - Pedrogão Pequeno,2,0,2,1,0,1,39.913035,-8.132459,39.913035°N 8.132459°W,"39°54,7800'N 8°7,9500'W ","39° 54' 46,80'' N 8° 7' 57,00'' W ",1791229260000,33 - Em Curso,Intervenções em Infraestruturas e vias de comunicação,26712881,-8.132459,39.913035,20260190881,PEDROGÃO PEQUENO,Centro,2026-02-05T10:00:00Z,2026-02-05,Chegada Ao to,3313,0,1,2,Chegada Ao to,Sertã,Castelo Branco,Centro,-8.132459,39.913035,Movimento de massa
49768970,20260459614,6,Em Curso,Em Curso,30/03/2026 06:00,1774846800000,2026-03-30,06:00,2026,190/13:40,272980,---,9115,9115 - Operações Nacionais de Assistência,Centro,Região de Leiria,Leiria,"Leiria, Pousos, Barreira e Cortes",PCO Leiria - CIPO, --- ,0,0,0,0,0,0,39.749179,-8.802832,39.749179°N 8.802832°W,"39°44,9520'N 8°48,1680'W ","39° 44' 57,12'' N 8° 48' 10,08'' W ",1791229260000,91 - Em Curso,Outras ocorrências de proteção e socorro,26981630,-8.802832,39.749179,20260459614,PCO Leiria - CIPO,Centro,2026-03-30T05:00:00Z,2026-03-30,Em Curso,9115,0,0,0,Curso,Leiria,Leiria,Centro,-8.802832,39.749179,Operações Nacionais de Assistência
49768971,20260513076,6,Em Curso,Em Curso,01/04/2026 00:00,1774998000000,2026-04-01,00:00,2026,188/19:40,270460,---,9115,9115 - Operações Nacionais de Assistência,Centro,Região de Leiria,Alvaiázere,Alvaiázere,ALVAIÁZERE - CIPO, --- ,0,0,0,0,0,0,39.828223,-8.41696,39.828223°N 8.416960°W,"39°49,6920'N 8°25,0200'W ","39° 49' 41,52'' N 8° 25' 1,20'' W ",1791229260000,91 - Em Curso,Outras ocorrências de proteção e socorro,27035094,-8.41696,39.828223,20260513076,ALVAIÁZERE - CIPO,Centro,2026-03-31T23:00:00Z,2026-04-01,Em Curso,9115,0,0,0,Curso,Alvaiázere,Leiria,Centro,-8.41696,39.828223,Operações Nacionais de Assistência
49768972,20260513094,6,Em Curso,Em Curso,01/04/2026 00:00,1774998000000,2026-04-01,00:00,2026,188/19:40,270460,---,9115,9115 - Operações Nacionais de Assistência,Centro,Região de Leiria,Figueiró Dos Vinhos,Figueiró Dos Vinhos e Bairradas,FIGUEIRÓ DOS VINHOS - CIPO, --- ,0,0,0,0,0,0,39.906816,-8.293324,39.906816°N 8.293324°W,"39°54,4080'N 8°17,5980'W ","39° 54' 24,48'' N 8° 17' 35,88'' W ",1791229260000,91 - Em Curso,Outras ocorrências de proteção e socorro,27035112,-8.293324,39.906816,20260513094,FIGUEIRÓ DOS VINHOS - CIPO,Centro,2026-03-31T23:00:00Z,2026-04-01,Em Curso,9115,0,0,0,Curso,Figueiró Dos Vinhos,Leiria,Centro,-8.293324,39.906816,Operações Nacionais de Assistência
49768973,20260513101,6,Em Curso,Em Curso,01/04/2026 00:00,1774998000000,2026-04-01,00:00,2026,188/19:40,270460,---,9115,9115 - Operações Nacionais de Assistência,Centro,Região de Leiria,Ansião,Ansião,ANSIÃO - CIPO, --- ,0,0,0,0,0,0,39.907437,-8.43366,39.907437°N 8.433660°W,"39°54,4440'N 8°26,0220'W ","39° 54' 26,64'' N 8° 26' 1,32'' W ",1791229260000,91 - Em Curso,Outras ocorrências de proteção e socorro,27035119,-8.43366,39.907437,20260513101,ANSIÃO - CIPO,Centro,2026-03-31T23:00:00Z,2026-04-01,Em Curso,9115,0,0,0,Curso,Ansião,Leiria,Centro,-8.43366,39.907437,Operações Nacionais de Assistência
49768974,20260513111,6,Em Curso,Em Curso,01/04/2026 00:00,1774998000000,2026-04-01,00:00,2026,188/19:40,270460,---,9115,9115 - Operações Nacionais de Assistência,Centro,Região de Leiria,Pedrógão Grande,Pedrógão Grande,PEDROGÃO GRANDE - CIPO, --- ,12,0,12,4,0,2,39.916835,-8.144807,39.916835°N 8.144807°W,"39°55,0080'N 8°8,6880'W ","39° 55' 0,48'' N 8° 8' 41,28'' W ",1791229260000,91 - Em Curso,Outras ocorrências de proteção e socorro,27035129,-8.144807,39.916835,20260513111,PEDROGÃO GRANDE - CIPO,Centro,2026-03-31T23:00:00Z,2026-04-01,Em Curso,9115,0,4,12,Curso,Pedrógão Grande,Leiria,Centro,-8.144807,39.916835,Operações Nacionais de Assistência
49768975,20260513113,6,Em Curso,Em Curso,01/04/2026 00:00,1774998000000,2026-04-01,00:00,2026,188/19:40,270460,---,9115,9115 - Operações Nacionais de Assistência,Centro,Região de Leiria,Pombal,Pombal,POMBAL - CIPO, --- ,0,0,0,0,0,0,39.910371,-8.62781,39.910371°N 8.627810°W,"39°54,6240'N 8°37,6680'W ","39° 54' 37,44'' N 8° 37' 40,08'' W ",1791229260000,91 - Em Curso,Outras ocorrências de proteção e socorro,27035131,-8.62781,39.910371,20260513113,POMBAL - CIPO,Centro,2026-03-31T23:00:00Z,2026-04-01,Em Curso,9115,0,0,0,Curso,Pombal,Leiria,Centro,-8.62781,39.910371,Operações Nacionais de Assistência
49768976,20260513117,6,Em Curso,Em Curso,01/04/2026 00:00,1774998000000,2026-04-01,00:00,2026,188/19:40,270460,---,9115,9115 - Operações Nacionais de Assistência,Centro,Região de Leiria,Leiria,"Leiria, Pousos, Barreira e Cortes",LEIRIA - CIPO, --- ,2,0,2,2,0,1,39.749179,-8.802832,39.749179°N 8.802832°W,"39°44,9520'N 8°48,1680'W ","39° 44' 57,12'' N 8° 48' 10,08'' W ",1791229260000,91 - Em Curso,Outras ocorrências de proteção e socorro,27035135,-8.802832,39.749179,20260513117,LEIRIA - CIPO,Centro,2026-03-31T23:00:00Z,2026-04-01,Em Curso,9115,0,2,2,Curso,Leiria,Leiria,Centro,-8.802832,39.749179,Operações Nacionais de Assistência
49768977,20260513128,6,Em Curso,Em Curso,01/04/2026 00:00,1774998000000,2026-04-01,00:00,2026,188/19:40,270460,---,9115,9115 - Operações Nacionais de Assistência,Centro,Região de Leiria,Batalha,Batalha,BATALHA - CIPO, --- ,2,0,2,1,0,1,39.65989,-8.824108,39.659890°N 8.824108°W,"39°39,5940'N 8°49,4460'W ","39° 39' 35,64'' N 8° 49' 26,76'' W ",1791229260000,91 - Em Curso,Outras ocorrências de proteção e socorro,27035146,-8.824108,39.65989,20260513128,BATALHA - CIPO,Centro,2026-03-31T23:00:00Z,2026-04-01,Em Curso,9115,0,1,2,Curso,Batalha,Leiria,Centro,-8.824108,39.65989,Operações Nacionais de Assistência
49768978,20260513130,6,Em Curso,Em Curso,01/04/2026 00:00,1774998000000,2026-04-01,00:00,2026,188/19:40,270460,---,9115,9115 - Operações Nacionais de Assistência,Centro,Região de Leiria,Marinha Grande,Marinha Grande,MARINHA GRANDE - CIPO, --- ,7,0,7,3,0,2,39.757184,-8.958105,39.757184°N 8.958105°W,"39°45,4320'N 8°57,4860'W ","39° 45' 25,92'' N 8° 57' 29,16'' W ",1791229260000,91 - Em Curso,Outras ocorrências de proteção e socorro,27035148,-8.958105,39.757184,20260513130,MARINHA GRANDE - CIPO,Centro,2026-03-31T23:00:00Z,2026-04-01,Em Curso,9115,0,3,7,Curso,Marinha Grande,Leiria,Centro,-8.958105,39.757184,Operações Nacionais de Assistência
49768979,20260513136,6,Em Curso,Em Curso,01/04/2026 00:00,1774998000000,2026-04-01,00:00,2026,188/19:40,270460,---,9115,9115 - Operações Nacionais de Assistência,Centro,Região de Leiria,Castanheira de Pêra,Castanheira de Pêra e Coentral,CASTANHEIRA DE PERA - CIPO, --- ,0,0,0,0,0,0,40.005971,-8.209236,40.005971°N 8.209236°W,"40°0,3600'N 8°12,5520'W ","40° 0' 21,60'' N 8° 12' 33,12'' W ",1791229260000,91 - Em Curso,Outras ocorrências de proteção e socorro,27035154,-8.209236,40.005971,20260513136,CASTANHEIRA DE PERA - CIPO,Centro,2026-03-31T23:00:00Z,2026-04-01,Em Curso,9115,0,0,0,Curso,Castanheira De Pêra,Leiria,Centro,-8.209236,40.005971,Operações Nacionais de Assistência
49768980,20260513140,6,Em Curso,Em Curso,01/04/2026 00:00,1774998000000,2026-04-01,00:00,2026,188/19:40,270460,---,9115,9115 - Operações Nacionais de Assistência,Centro,Região de Leiria,Porto de Mós,Porto de Mós - São João Baptista e São Pedro,PORTO DE MÓS - CIPO, --- ,0,0,0,0,0,0,39.599598,-8.815358,39.599598°N 8.815358°W,"39°35,9760'N 8°48,9240'W ","39° 35' 58,56'' N 8° 48' 55,44'' W ",1791229260000,91 - Em Curso,Outras ocorrências de proteção e socorro,27035158,-8.815358,39.599598,20260513140,PORTO DE MÓS - CIPO,Centro,2026-03-31T23:00:00Z,2026-04-01,Em Curso,9115,0,0,0,Curso,Porto De Mós,Leiria,Centro,-8.815358,39.599598,Operações Nacionais de Assistência
49768981,20260565497,6,Em Curso,Em Curso,01/04/2026 00:00,1774998000000,2026-04-01,00:00,2026,188/19:40,270460,---,9115,9115 - Operações Nacionais de Assistência,Centro,Região de Coimbra,Miranda do Corvo,Miranda do Corvo,MIRANDA DO CORVO, --- ,0,0,0,0,0,0,40.09407,-8.339499,40.094070°N 8.339499°W,"40°5,6460'N 8°20,3700'W ","40° 5' 38,76'' N 8° 20' 22,20'' W ",1791229260000,91 - Em Curso,Outras ocorrências de proteção e socorro,27087515,-8.339499,40.09407,20260565497,MIRANDA DO CORVO,Centro,2026-03-31T23:00:00Z,2026-04-01,Em Curso,9115,0,0,0,Curso,Miranda Do Corvo,Coimbra,Centro,-8.339499,40.09407,Operações Nacionais de Assistência
49768982,20260565572,6,Em Curso,Em Curso,01/04/2026 00:00,1774998000000,2026-04-01,00:00,2026,188/19:40,270460,---,9115,9115 - Operações Nacionais de Assistência,Centro,Região de Coimbra,Penela,"São Miguel, Santa Eufémia e Rabaçal",PENELA, --- ,0,0,0,0,0,0,40.025502,-8.399036,40.025502°N 8.399036°W,"40°1,5300'N 8°23,9400'W ","40° 1' 31,80'' N 8° 23' 56,40'' W ",1791229260000,91 - Em Curso,Outras ocorrências de proteção e socorro,27087590,-8.399036,40.025502,20260565572,PENELA,Centro,2026-03-31T23:00:00Z,2026-04-01,Em Curso,9115,0,0,0,Curso,Penela,Coimbra,Centro,-8.399036,40.025502,Operações Nacionais de Assistência
49768983,20260565589,6,Em Curso,Em Curso,01/04/2026 00:00,1774998000000,2026-04-01,00:00,2026,188/19:40,270460,---,9115,9115 - Operações Nacionais de Assistência,Centro,Região de Coimbra,Penacova,Penacova,PENACOVA, --- ,0,0,0,0,0,0,40.270656,-8.294186,40.270656°N 8.294186°W,"40°16,2420'N 8°17,6520'W ","40° 16' 14,52'' N 8° 17' 39,12'' W ",1791229260000,91 - Em Curso,Outras ocorrências de proteção e socorro,27087607,-8.294186,40.270656,20260565589,PENACOVA,Centro,2026-03-31T23:00:00Z,2026-04-01,Em Curso,9115,0,0,0,Curso,Penacova,Coimbra,Centro,-8.294186,40.270656,Operações Nacionais de Assistência
49768984,20260610770,6,Em Curso,Em Curso,01/04/2026 09:00,1775030400000,2026-04-01,09:00,2026,187/10:40,269920,---,9115,9115 - Operações Nacionais de Assistência,Lisboa e Vale do Tejo,Oeste,Alcobaça,Pataias e Martingança,ALCOBAÇA, --- ,0,0,0,0,0,0,39.679552,-9.002053,39.679552°N 9.002053°W,"39°40,7760'N 9°0,1260'W ","39° 40' 46,56'' N 9° 0' 7,56'' W ",1791229260000,91 - Em Curso,Outras ocorrências de proteção e socorro,27132789,-9.002053,39.679552,20260610770,ALCOBAÇA,Lisboa e Vale do Tejo,2026-04-01T08:00:00Z,2026-04-01,Em Curso,9115,0,0,0,Curso,Alcobaça,Leiria,Centro,-9.002053,39.679552,Operações Nacionais de Assistência
49768985,20260610784,5,Despacho de 1º Alerta,Em Despacho,01/04/2026 09:00,1775030400000,2026-04-01,09:00,2026,187/10:40,269920,---,9115,9115 - Operações Nacionais de Assistência,Lisboa e Vale do Tejo,Oeste,Nazaré,Nazaré,NAZARÉ, --- ,2,0,2,2,0,1,39.596083,-9.062127,39.596083°N 9.062127°W,"39°35,7660'N 9°3,7260'W ","39° 35' 45,96'' N 9° 3' 43,56'' W ",1791229260000,91 - Em Despacho,Outras ocorrências de proteção e socorro,27132803,-9.062127,39.596083,20260610784,NAZARÉ,Lisboa e Vale do Tejo,2026-04-01T08:00:00Z,2026-04-01,Despacho De 1º Alerta,9115,0,2,2,Despacho De 1º Alerta,Nazaré,Leiria,Centro,-9.062127,39.596083,Operações Nacionais de Assistência
49768986,20260612118,6,Em Curso,Em Curso,01/04/2026 00:00,1774998000000,2026-04-01,00:00,2026,188/19:40,270460,---,9115,9115 - Operações Nacionais de Assistência,Centro,Região de Coimbra,Soure,Soure,Soure, --- ,0,0,0,0,0,0,40.055319,-8.639406,40.055319°N 8.639406°W,"40°3,3180'N 8°38,3640'W ","40° 3' 19,08'' N 8° 38' 21,84'' W ",1791229260000,91 - Em Curso,Outras ocorrências de proteção e socorro,27134137,-8.639406,40.055319,20260612118,Soure,Centro,2026-03-31T23:00:00Z,2026-04-01,Em Curso,9115,0,0,0,Curso,Soure,Coimbra,Centro,-8.639406,40.055319,Operações Nacionais de Assistência
49768987,20260710947,6,Em Curso,Em Curso,01/04/2026 00:00,1774998000000,2026-04-01,00:00,2026,188/19:40,270460,---,9115,9115 - Operações Nacionais de Assistência,Centro,Região de Coimbra,Lousã,Lousã,LOUSÃ, --- ,0,0,0,0,0,0,40.090644,-8.180017,40.090644°N 8.180017°W,"40°5,4360'N 8°10,8000'W ","40° 5' 26,16'' N 8° 10' 48,00'' W ",1791229260000,91 - Em Curso,Outras ocorrências de proteção e socorro,27232968,-8.180017,40.090644,20260710947,LOUSÃ,Centro,2026-03-31T23:00:00Z,2026-04-01,Em Curso,9115,0,0,0,Curso,Lousã,Coimbra,Centro,-8.180017,40.090644,Operações Nacionais de Assistência
49768988,20261408026,8,Vigilância,Em Conclusão,03/10/2026 15:35,1791038100000,2026-10-03,15:35,2026,2/04:05,3125,ATA,3105,3105 - Agrícola,Centro,Região de Leiria,Porto de Mós,Arrimal e Mendiga,União das Freguesias de Arrimal e Mendiga,"Rua das Galegas, 2480 Porto de Mós, Portugal",2,0,2,1,0,1,39.498125,-8.871285,39.498125°N 8.871285°W,"39°29,8860'N 8°52,2780'W ","39° 29' 53,16'' N 8° 52' 16,68'' W ",1791229260000,31 - Em Conclusão,Incêndios Rurais,27930165,-8.871285,39.498125,20261408026,União das Freguesias de Arrimal e Mendiga,Centro,2026-10-03T14:35:00Z,2026-10-03,Vigilância,3105,0,1,2,Vigilância,Porto De Mós,Leiria,Centro,-8.871285,39.498125,Agrícola
49768989,20261413066,8,Vigilância,Em Conclusão,04/10/2026 16:53,1791129180000,2026-10-04,16:53,2026,1/02:47,1607,ATA,3101,3101 - Povoamento Florestal,Centro,Região de Leiria,Marinha Grande,Marinha Grande,Marinha Grande,"Cemitério de Casal Galego, M535, 2430-085 Marinha Grande, Portugal",2,0,2,1,0,1,39.765008,-8.918107,39.765008°N 8.918107°W,"39°45,9000'N 8°55,0860'W ","39° 45' 54,00'' N 8° 55' 5,16'' W ",1791229260000,31 - Em Conclusão,Incêndios Rurais,27935205,-8.918107,39.765008,20261413066,Marinha Grande,Centro,2026-10-04T15:53:00Z,2026-10-04,Vigilância,3101,0,1,2,Vigilância,Marinha Grande,Leiria,Centro,-8.918107,39.765008,Povoamento Florestal
49768990,20261415652,8,Em Conclusão,Em Conclusão,05/10/2026 10:12,1791191520000,2026-10-05,10:12,2026,0/09:28,568,---,2101,2101 - Habitacional,Norte,Area M. Porto,Gondomar,Rio Tinto,Rio Tinto,Rua da Cavada Nova ,1,0,1,1,0,1,41.183094,-8.556242,41.183094°N 8.556242°W,"41°10,9860'N 8°33,3720'W ","41° 10' 59,16'' N 8° 33' 22,32'' W ",1791229260000,21 - Em Conclusão,Incêndios Urbanos,27937804,-8.556242,41.183094,20261415652,Rio Tinto,Norte,2026-10-05T09:12:00Z,2026-10-05,Em resolução/conclusão,2101,0,1,1,Resolução/Conclusão,Gondomar,Porto,Norte,-8.556242,41.183094,Habitacional
49768991,20261416195,7,Em Resolução,Em Resolução,05/10/2026 12:10,1791198600000,2026-10-05,12:10,2026,0/07:30,450,---,4305,4305 - Limpeza de Via e Sinalização de Perigo,Lisboa e Vale do Tejo,Lezíria do Tejo,Coruche,Coruche,Quinta Grande - EN 119, --- ,4,0,4,2,0,2,38.937988,-8.532158,38.937988°N 8.532158°W,"38°56,2800'N 8°31,9320'W ","38° 56' 16,80'' N 8° 31' 55,92'' W ",1791229260000,43 - Em Resolução,Outras ocorrências de proteção e socorro,27938347,-8.532158,38.937988,20261416195,Quinta Grande - EN 119,Lisboa e Vale do Tejo,2026-10-05T11:10:00Z,2026-10-05,Em resolução/conclusão,4305,0,2,4,Resolução/Conclusão,Coruche,Santarém,Alentejo,-8.532158,38.937988,Limpeza de Via e Sinalização de Perigo
49768992,20261416874,8,Vigilância,Em Conclusão,05/10/2026 14:44,1791207840000,2026-10-05,14:44,2026,0/04:56,296,ATA,3105,3105 - Agrícola,Centro,Região de Leiria,Leiria,Ortigosa,RIBA DE AVES,Rua do Loural,2,0,2,1,0,1,39.818118,-8.837282,39.818118°N 8.837282°W,"39°49,0860'N 8°50,2380'W ","39° 49' 5,16'' N 8° 50' 14,28'' W ",1791229260000,31 - Em Conclusão,Incêndios Rurais,27939026,-8.837282,39.818118,20261416874,RIBA DE AVES,Centro,2026-10-05T13:44:00Z,2026-10-05,Vigilância,3105,0,1,2,Vigilância,Leiria,Leiria,Centro,-8.837282,39.818118,Agrícola
49768993,20261416909,5,Chegada ao TO,Em Despacho,05/10/2026 14:45,1791207900000,2026-10-05,14:45,2026,0/04:55,295,---,4305,4305 - Limpeza de Via e Sinalização de Perigo,Algarve,Algarve,Portimão,Portimão,Portimão,Rua Doutor Manuel de Almeida,2,0,2,1,0,1,37.183837,-8.541412,37.183837°N 8.541412°W,"37°11,0280'N 8°32,4840'W ","37° 11' 1,68'' N 8° 32' 29,04'' W ",1791229260000,43 - Em Curso,Outras ocorrências de proteção e socorro,27939061,-8.541412,37.183837,20261416909,Portimão,Algarve,2026-10-05T13:45:00Z,2026-10-05,Chegada Ao to,4305,0,1,2,Chegada Ao to,Portimão,Faro,Algarve,-8.541412,37.183837,Limpeza de Via e Sinalização de Perigo
49768994,20261416984,8,Em Conclusão,Em Conclusão,05/10/2026 15:13,1791209580000,2026-10-05,15:13,2026,0/04:27,267,---,4329,"4329 - Busca e Resgate Aquático, de Pessoas",Norte,Alto Minho,Monção,Monção e Troviscoso,Rio Minho - Largo do Loreto,Rio Minho - Largo do Loreto,11,0,11,5,0,4,42.081292,-8.486902,42.081292°N 8.486902°W,"42°4,8780'N 8°29,2140'W ","42° 4' 52,68'' N 8° 29' 12,84'' W ",1791229260000,43 - Em Conclusão,Outras ocorrências de proteção e socorro,27939136,-8.486902,42.081292,20261416984,Rio Minho - Largo do Loreto,Norte,2026-10-05T14:13:00Z,2026-10-05,Em resolução/conclusão,4329,0,5,11,Resolução/Conclusão,Monção,Viana Do Castelo,Norte,-8.486902,42.081292,"Busca e Resgate Aquático, de Pessoas"
49768995,20261416998,8,Vigilância,Em Conclusão,05/10/2026 15:16,1791209760000,2026-10-05,15:16,2026,0/04:24,264,ATA,3105,3105 - Agrícola,Centro,Região de Leiria,Leiria,Amor,Amor,"Rua da Base Aérea, 2400 Leiria, Portugal",0,0,0,0,0,0,39.808242,-8.872385,39.808242°N 8.872385°W,"39°48,4920'N 8°52,3440'W ","39° 48' 29,52'' N 8° 52' 20,64'' W ",1791229260000,31 - Em Conclusão,Incêndios Rurais,27939150,-8.872385,39.808242,20261416998,Amor,Centro,2026-10-05T14:16:00Z,2026-10-05,Vigilância,3105,0,0,0,Vigilância,Leiria,Leiria,Centro,-8.872385,39.808242,Agrícola
49768996,20261417442,8,Em Conclusão,Em Conclusão,05/10/2026 17:09,1791216540000,2026-10-05,17:09,2026,0/02:31,151,ATA,3103,3103 - Mato,Centro,Região de Coimbra,Montemor-o-Velho,Arazede,Arazede,Rua da Volta da Tocha ,16,0,16,5,0,2,40.30222,-8.74417,40.302220°N 8.744170°W,"40°18,1320'N 8°44,6520'W ","40° 18' 7,92'' N 8° 44' 39,12'' W ",1791229260000,31 - Em Conclusão,Incêndios Rurais,27939594,-8.74417,40.30222,20261417442,Arazede,Centro,2026-10-05T16:09:00Z,2026-10-05,Em resolução/conclusão,3103,0,5,16,Resolução/Conclusão,Montemor-o-velho,Coimbra,Centro,-8.74417,40.30222,Mato
49768997,20261417511,8,Em Conclusão,Em Conclusão,05/10/2026 17:24,1791217440000,2026-10-05,17:24,2026,0/02:16,136,---,2403,2403 - Colisão rodoviária,Lisboa e Vale do Tejo,Lezíria do Tejo,Benavente,Samora Correia,Avenida o Século, --- ,0,0,0,0,0,0,38.936118,-8.871355,38.936118°N 8.871355°W,"38°56,1660'N 8°52,2840'W ","38° 56' 9,96'' N 8° 52' 17,04'' W ",1791229260000,24 - Em Conclusão,Acidentes,27939663,-8.871355,38.936118,20261417511,Avenida o Século,Lisboa e Vale do Tejo,2026-10-05T16:24:00Z,2026-10-05,Em resolução/conclusão,2403,0,0,0,Resolução/Conclusão,Benavente,Santarém,Alentejo,-8.871355,38.936118,Colisão rodoviária
49768998,20261417541,7,Em Resolução,Em Resolução,05/10/2026 17:30,1791217800000,2026-10-05,17:30,2026,0/02:10,130,---,2403,2403 - Colisão rodoviária,Norte,Area M. Porto,Oliveira de Azeméis,"Pinheiro da Bemposta, Travanca e Palmaz",Pinheiro da Bemposta,EN 1,0,0,0,0,0,0,40.789674,-8.468107,40.789674°N 8.468107°W,"40°47,3820'N 8°28,0860'W ","40° 47' 22,92'' N 8° 28' 5,16'' W ",1791229260000,24 - Em Resolução,Acidentes,27939693,-8.468107,40.789674,20261417541,Pinheiro da Bemposta,Norte,2026-10-05T16:30:00Z,2026-10-05,Em resolução/conclusão,2403,0,0,0,Resolução/Conclusão,Oliveira De Azeméis,Aveiro,Norte,-8.468107,40.789674,Colisão rodoviária
49768999,20261417544,7,Em Resolução,Em Resolução,05/10/2026 17:34,1791218040000,2026-10-05,17:34,2026,0/02:06,126,---,2407,2407 - Despiste,Lisboa e Vale do Tejo,Médio Tejo,Tomar,Madalena e Beselga,Paço da Comenda, --- ,0,0,0,0,0,0,39.589507,-8.479722,39.589507°N 8.479722°W,"39°35,3700'N 8°28,7820'W ","39° 35' 22,20'' N 8° 28' 46,92'' W ",1791229260000,24 - Em Resolução,Acidentes,27939696,-8.479722,39.589507,20261417544,Paço da Comenda,Lisboa e Vale do Tejo,2026-10-05T16:34:00Z,2026-10-05,Em resolução/conclusão,2407,0,0,0,Resolução/Conclusão,Tomar,Santarém,Centro,-8.479722,39.589507,Despiste
49769000,20261417551,7,Em Resolução,Em Resolução,05/10/2026 17:34,1791218040000,2026-10-05,17:34,2026,0/02:06,126,---,2407,2407 - Despiste,Norte,Alto Minho,Ponte de Lima,Fornelos e Queijada,Rua de São João Batista,Rua de São João Batista,4,0,4,2,0,2,41.715542,-8.537253,41.715542°N 8.537253°W,"41°42,9300'N 8°32,2380'W ","41° 42' 55,80'' N 8° 32' 14,28'' W ",1791229260000,24 - Em Resolução,Acidentes,27939703,-8.537253,41.715542,20261417551,Rua de São João Batista,Norte,2026-10-05T16:34:00Z,2026-10-05,Em resolução/conclusão,2407,0,2,4,Resolução/Conclusão,Ponte De Lima,Viana Do Castelo,Norte,-8.537253,41.715542,Despiste
49769001,20261417557,8,Em Conclusão,Em Conclusão,05/10/2026 17:39,1791218340000,2026-10-05,17:39,2026,0/02:01,121,---,2101,2101 - Habitacional,Centro,Região de Coimbra,Coimbra,Eiras e São Paulo de Frades,Monte Formoso,R. Cidade de Poitiers Nº42,10,0,10,4,0,3,40.22337,-8.435866,40.223370°N 8.435866°W,"40°13,4040'N 8°26,1540'W ","40° 13' 24,24'' N 8° 26' 9,24'' W ",1791229260000,21 - Em Conclusão,Incêndios Urbanos,27939709,-8.435866,40.22337,20261417557,Monte Formoso,Centro,2026-10-05T16:39:00Z,2026-10-05,Em resolução/conclusão,2101,0,4,10,Resolução/Conclusão,Coimbra,Coimbra,Centro,-8.435866,40.22337,Habitacional
49769002,20261417558,8,Em Conclusão,Em Conclusão,05/10/2026 17:39,1791218340000,2026-10-05,17:39,2026,0/02:01,121,---,2301,2301 - Rodoviário,Centro,Viseu Dão Lafões,Mangualde,"Tavares (Chãs, Várzea e Travanca)",CHÃS DE TAVARES,"A25 Km 113,7 Viseu-Guarda ",8,0,8,3,0,2,40.614865,-7.624435,40.614865°N 7.624435°W,"40°36,8940'N 7°37,4640'W ","40° 36' 53,64'' N 7° 37' 27,84'' W ",1791229260000,23 - Em Conclusão,Outros Incêndios,27939710,-7.624435,40.614865,20261417558,CHÃS DE TAVARES,Centro,2026-10-05T16:39:00Z,2026-10-05,Em resolução/conclusão,2301,0,3,8,Resolução/Conclusão,Mangualde,Viseu,Centro,-7.624435,40.614865,Rodoviário
49769003,20261417619,8,Em Conclusão,Em Conclusão,05/10/2026 17:56,1791219360000,2026-10-05,17:56,2026,0/01:44,104,ATA,3103,3103 - Mato,Lisboa e Vale do Tejo,Médio Tejo,Ourém,Fátima,Boleiros, --- ,2,0,2,1,0,1,39.570282,-8.643115,39.570282°N 8.643115°W,"39°34,2180'N 8°38,5860'W ","39° 34' 13,08'' N 8° 38' 35,16'' W ",1791229260000,31 - Em Conclusão,Incêndios Rurais,27939771,-8.643115,39.570282,20261417619,Boleiros,Lisboa e Vale do Tejo,2026-10-05T16:56:00Z,2026-10-05,Em resolução/conclusão,3103,0,1,2,Resolução/Conclusão,Ourém,Santarém,Centro,-8.643115,39.570282,Mato
49769004,20261417635,8,Em Conclusão,Em Conclusão,05/10/2026 17:59,1791219540000,2026-10-05,17:59,2026,0/01:41,101,---,2403,2403 - Colisão rodoviária,Alentejo,Alto Alentejo,Portalegre,Urra,EN 246|K40.2,EN 246|K40.2,16,0,16,6,0,3,39.197763,-7.36431,39.197763°N 7.364310°W,"39°11,8680'N 7°21,8580'W ","39° 11' 52,08'' N 7° 21' 51,48'' W ",1791229260000,24 - Em Conclusão,Acidentes,27939787,-7.36431,39.197763,20261417635,EN 246|K40.2,Alentejo,2026-10-05T16:59:00Z,2026-10-05,Em resolução/conclusão,2403,0,6,16,Resolução/Conclusão,Portalegre,Portalegre,Alentejo,-7.36431,39.197763,Colisão rodoviária
49769005,20261417653,8,Em Conclusão,Em Conclusão,05/10/2026 18:08,1791220080000,2026-10-05,18:08,2026,0/01:32,92,---,2201,2201 - Equipamentos,Alentejo,Alto Alentejo,Monforte,Assumar,Assumar,"Rua das Parreiras 2,",11,0,11,4,0,3,39.141907,-7.391688,39.141907°N 7.391688°W,"39°8,5140'N 7°23,5020'W ","39° 8' 30,84'' N 7° 23' 30,12'' W ",1791229260000,22 - Em Conclusão,Outros Incêndios,27939805,-7.391688,39.141907,20261417653,Assumar,Alentejo,2026-10-05T17:08:00Z,2026-10-05,Em resolução/conclusão,2201,0,4,11,Resolução/Conclusão,Monforte,Portalegre,Alentejo,-7.391688,39.141907,Equipamentos
49769006,20261417672,7,Em Resolução,Em Resolução,05/10/2026 18:05,1791219900000,2026-10-05,18:05,2026,0/01:35,95,---,2403,2403 - Colisão rodoviária,Centro,Viseu Dão Lafões,Mangualde,"Tavares (Chãs, Várzea e Travanca)",CHÃS DE TAVARES,A25 - Km 117,1,0,1,1,0,1,40.623523,-7.614291,40.623523°N 7.614291°W,"40°37,4100'N 7°36,8580'W ","40° 37' 24,60'' N 7° 36' 51,48'' W ",1791229260000,24 - Em Resolução,Acidentes,27939824,-7.614291,40.623523,20261417672,CHÃS DE TAVARES,Centro,2026-10-05T17:05:00Z,2026-10-05,Em resolução/conclusão,2403,0,1,1,Resolução/Conclusão,Mangualde,Viseu,Centro,-7.614291,40.623523,Colisão rodoviária
49769007,20261417713,6,Em Curso,Em Curso,05/10/2026 18:10,1791220200000,2026-10-05,18:10,2026,0/01:30,90,---,4331,"4331 - Busca e Resgate Terrestre, de Animais",Lisboa e Vale do Tejo,Oeste,Peniche,Peniche,PENICHE,PAPÔA,2,0,2,1,0,1,39.357166,-9.376833,39.357166°N 9.376833°W,"39°21,4320'N 9°22,6080'W ","39° 21' 25,92'' N 9° 22' 36,48'' W ",1791229260000,43 - Em Curso,Outras ocorrências de proteção e socorro,27939865,-9.376833,39.357166,20261417713,PENICHE,Lisboa e Vale do Tejo,2026-10-05T17:10:00Z,2026-10-05,Em Curso,4331,0,1,2,Curso,Peniche,Leiria,Centro,-9.376833,39.357166,"Busca e Resgate Terrestre, de Animais"
49769008,20261417735,8,Em Conclusão,Em Conclusão,05/10/2026 18:29,1791221340000,2026-10-05,18:29,2026,0/01:11,71,---,3201,3201 - Detritos não confinados,Centro,Região de Coimbra,Coimbra,Almalaguês,Monte de Bera, --- ,17,0,17,4,0,3,40.1325,-8.40778,40.132500°N 8.407780°W,"40°7,9500'N 8°24,4680'W ","40° 7' 57,00'' N 8° 24' 28,08'' W ",1791229260000,32 - Em Conclusão,Outros Incêndios,27939887,-8.40778,40.1325,20261417735,Monte de Bera,Centro,2026-10-05T17:29:00Z,2026-10-05,Em resolução/conclusão,3201,0,4,17,Resolução/Conclusão,Coimbra,Coimbra,Centro,-8.40778,40.1325,Detritos não confinados
49769009,20261417762,6,Em Curso,Em Curso,05/10/2026 18:33,1791221580000,2026-10-05,18:33,2026,0/01:07,67,---,2401,2401 - Atropelamento rodoviário,Lisboa e Vale do Tejo,Península de Setúbal,Almada,"Almada, Cova da Piedade, Pragal e Cacilhas",PRAGAL,Rua Sao Miguel Poente,6,0,6,2,0,1,38.677312,-9.173069,38.677312°N 9.173069°W,"38°40,6380'N 9°10,3860'W ","38° 40' 38,28'' N 9° 10' 23,16'' W ",1791229260000,24 - Em Curso,Acidentes,27939914,-9.173069,38.677312,20261417762,PRAGAL,Lisboa e Vale do Tejo,2026-10-05T17:33:00Z,2026-10-05,Em Curso,2401,0,2,6,Curso,Almada,Setúbal,Área Metropolitana De Lisboa,-9.173069,38.677312,Atropelamento rodoviário
49769010,20261417790,7,Em Resolução,Em Resolução,05/10/2026 18:42,1791222120000,2026-10-05,18:42,2026,0/00:58,58,---,2403,2403 - Colisão rodoviária,Algarve,Algarve,Albufeira,Albufeira e Olhos de Água,ALBUFEIRA,Avenida dos Descobrimentos,3,0,3,1,0,1,37.091727,-8.252292,37.091727°N 8.252292°W,"37°5,5020'N 8°15,1380'W ","37° 5' 30,12'' N 8° 15' 8,28'' W ",1791229260000,24 - Em Resolução,Acidentes,27939942,-8.252292,37.091727,20261417790,ALBUFEIRA,Algarve,2026-10-05T17:42:00Z,2026-10-05,Em resolução/conclusão,2403,0,1,3,Resolução/Conclusão,Albufeira,Faro,Algarve,-8.252292,37.091727,Colisão rodoviária
49769011,20261417810,7,Em Resolução,Em Resolução,05/10/2026 18:44,1791222240000,2026-10-05,18:44,2026,0/00:56,56,---,3203,3203 - Detritos confinados,Norte,Area M. Porto,Vila Nova de Gaia,Canelas,Canelas de Cima,Rua da Lagarteira,6,0,6,1,0,1,41.083907,-8.592495,41.083907°N 8.592495°W,"41°5,0340'N 8°35,5500'W ","41° 5' 2,04'' N 8° 35' 33,00'' W ",1791229260000,32 - Em Resolução,Outros Incêndios,27939962,-8.592495,41.083907,20261417810,Canelas de Cima,Norte,2026-10-05T17:44:00Z,2026-10-05,Em resolução/conclusão,3203,0,1,6,Resolução/Conclusão,Vila Nova De Gaia,Porto,Norte,-8.592495,41.083907,Detritos confinados
49769012,20261417813,8,Em Conclusão,Em Conclusão,05/10/2026 18:53,1791222780000,2026-10-05,18:53,2026,0/00:47,47,ATI,3103,3103 - Mato,Lisboa e Vale do Tejo,Grande Lisboa,Sintra,Rio de Mouro,Rio de Mouro,"Rua de Angola 2635-407, Sintra, Portugal",5,0,5,1,0,1,38.781341,-9.337587,38.781341°N 9.337587°W,"38°46,8780'N 9°20,2560'W ","38° 46' 52,68'' N 9° 20' 15,36'' W ",1791229260000,31 - Em Conclusão,Incêndios Rurais,27939965,-9.337587,38.781341,20261417813,Rio de Mouro,Lisboa e Vale do Tejo,2026-10-05T17:53:00Z,2026-10-05,Em resolução/conclusão,3103,0,1,5,Resolução/Conclusão,Sintra,Lisboa,Área Metropolitana De Lisboa,-9.337587,38.781341,Mato
49769013,20261417845,5,Despacho de 1º Alerta,Em Despacho,05/10/2026 19:01,1791223260000,2026-10-05,19:01,2026,0/00:39,39,---,3107,3107 - Consolidação de Rescaldo,Centro,Região de Aveiro,Aveiro,Eixo e Eirol,Eixo e Eirol,Rua do Carrejão,5,0,5,1,0,1,40.60183,-8.55032,40.601830°N 8.550320°W,"40°36,1080'N 8°33,0180'W ","40° 36' 6,48'' N 8° 33' 1,08'' W ",1791229260000,31 - Em Despacho,Outras Ocorrências,27939997,-8.55032,40.60183,20261417845,Eixo e Eirol,Centro,2026-10-05T18:01:00Z,2026-10-05,Despacho De 1º Alerta,3107,0,1,5,Despacho De 1º Alerta,Aveiro,Aveiro,Centro,-8.55032,40.60183,Consolidação de Rescaldo
49769014,20261417852,5,Despacho de 1º Alerta,Em Despacho,05/10/2026 19:02,1791223320000,2026-10-05,19:02,2026,0/00:38,38,---,3111,3111 - Queima,Lisboa e Vale do Tejo,Oeste,Óbidos,Amoreira,AMOREIRA,Casal da Lagoa Seca,5,0,5,1,0,1,39.342591,-9.213027,39.342591°N 9.213027°W,"39°20,5560'N 9°12,7800'W ","39° 20' 33,36'' N 9° 12' 46,80'' W ",1791229260000,31 - Em Despacho,Outras Ocorrências,27940004,-9.213027,39.342591,20261417852,AMOREIRA,Lisboa e Vale do Tejo,2026-10-05T18:02:00Z,2026-10-05,Despacho De 1º Alerta,3111,0,1,5,Despacho De 1º Alerta,Óbidos,Leiria,Centro,-9.213027,39.342591,Queima
49769015,20261417853,8,Em Conclusão,Em Conclusão,05/10/2026 19:00,1791223200000,2026-10-05,19:00,2026,0/00:40,40,---,2403,2403 - Colisão rodoviária,Norte,Area M. Porto,Vila Nova de Gaia,Mafamude,MAFAMUDE,A1 (N-S) KM 292,2,0,2,1,0,1,41.126193,-8.601126,41.126193°N 8.601126°W,"41°7,5720'N 8°36,0660'W ","41° 7' 34,32'' N 8° 36' 3,96'' W ",1791229260000,24 - Em Conclusão,Acidentes,27940005,-8.601126,41.126193,20261417853,MAFAMUDE,Norte,2026-10-05T18:00:00Z,2026-10-05,Em resolução/conclusão,2403,0,1,2,Resolução/Conclusão,Vila Nova De Gaia,Porto,Norte,-8.601126,41.126193,Colisão rodoviária
49769016,20261417855,8,Em Conclusão,Em Conclusão,05/10/2026 19:00,1791223200000,2026-10-05,19:00,2026,0/00:40,40,---,2403,2403 - Colisão rodoviária,Norte,Area M. Porto,Vila Nova de Gaia,Mafamude,MAFAMUDE,A1 (N-S) KM 294,11,0,11,4,0,2,41.126193,-8.601126,41.126193°N 8.601126°W,"41°7,5720'N 8°36,0660'W ","41° 7' 34,32'' N 8° 36' 3,96'' W ",1791229260000,24 - Em Conclusão,Acidentes,27940007,-8.601126,41.126193,20261417855,MAFAMUDE,Norte,2026-10-05T18:00:00Z,2026-10-05,Em resolução/conclusão,2403,0,4,11,Resolução/Conclusão,Vila Nova De Gaia,Porto,Norte,-8.601126,41.126193,Colisão rodoviária
49769017,20261417861,8,Em Conclusão,Em Conclusão,05/10/2026 19:06,1791223560000,2026-10-05,19:06,2026,0/00:34,34,---,3201,3201 - Detritos não confinados,Alentejo,Alto Alentejo,Portalegre,Sé e São Lourenço,Frazoa, --- ,12,0,12,3,0,2,39.280978,-7.42002,39.280978°N 7.420020°W,"39°16,8600'N 7°25,2000'W ","39° 16' 51,60'' N 7° 25' 12,00'' W ",1791229260000,32 - Em Conclusão,Outros Incêndios,27940013,-7.42002,39.280978,20261417861,Frazoa,Alentejo,2026-10-05T18:06:00Z,2026-10-05,Em resolução/conclusão,3201,0,3,12,Resolução/Conclusão,Portalegre,Portalegre,Alentejo,-7.42002,39.280978,Detritos não confinados
49769018,20261417874,6,Em Curso,Em Curso,05/10/2026 19:00,1791223200000,2026-10-05,19:00,2026,0/00:40,40,---,3111,3111 - Queima,Lisboa e Vale do Tejo,Oeste,Peniche,Serra D'El-Rei,SERRA DE EL REI, --- ,5,0,5,1,0,1,39.332052,-9.27897,39.332052°N 9.278970°W,"39°19,9260'N 9°16,7400'W ","39° 19' 55,56'' N 9° 16' 44,40'' W ",1791229260000,31 - Em Curso,Outras Ocorrências,27940026,-9.27897,39.332052,20261417874,SERRA DE EL REI,Lisboa e Vale do Tejo,2026-10-05T18:00:00Z,2026-10-05,Em Curso,3111,0,1,5,Curso,Peniche,Leiria,Centro,-9.27897,39.332052,Queima
49769019,20261417881,8,Em Conclusão,Em Conclusão,05/10/2026 19:09,1791223740000,2026-10-05,19:09,2026,0/00:31,31,---,2403,2403 - Colisão rodoviária,Lisboa e Vale do Tejo,Grande Lisboa,Cascais,São Domingos de Rana,TIRES,Av. Amalia Rodrigues,8,0,8,4,0,3,38.727851,-9.349737,38.727851°N 9.349737°W,"38°43,6740'N 9°20,9820'W ","38° 43' 40,44'' N 9° 20' 58,92'' W ",1791229260000,24 - Em Conclusão,Acidentes,27940033,-9.349737,38.727851,20261417881,TIRES,Lisboa e Vale do Tejo,2026-10-05T18:09:00Z,2026-10-05,Em resolução/conclusão,2403,0,4,8,Resolução/Conclusão,Cascais,Lisboa,Área Metropolitana De Lisboa,-9.349737,38.727851,Colisão rodoviária
49769020,20261417882,5,Despacho de 1º Alerta,Em Despacho,05/10/2026 19:12,1791223920000,2026-10-05,19:12,2026,0/00:28,28,ATI,3103,3103 - Mato,Norte,Alto Minho,Ponte de Lima,Boalhosa,Boalhosa    ,Boalhosa    ,5,0,5,1,0,1,41.735084,-8.478227,41.735084°N 8.478227°W,"41°44,1060'N 8°28,6920'W ","41° 44' 6,36'' N 8° 28' 41,52'' W ",1791229260000,31 - Em Despacho,Incêndios Rurais,27940034,-8.478227,41.735084,20261417882,Boalhosa    ,Norte,2026-10-05T18:12:00Z,2026-10-05,Despacho De 1º Alerta,3103,0,1,5,Despacho De 1º Alerta,Ponte De Lima,Viana Do Castelo,Norte,-8.478227,41.735084,Mato
49769021,20261417896,8,Em Conclusão,Em Conclusão,05/10/2026 19:14,1791224040000,2026-10-05,19:14,2026,0/00:26,26,---,3111,3111 - Queima,Lisboa e Vale do Tejo,Médio Tejo,Tomar,São João Baptista e Santa Maria Dos Olivais,Santa Cruz, --- ,0,0,0,0,0,0,39.60879,-8.392488,39.608790°N 8.392488°W,"39°36,5280'N 8°23,5500'W ","39° 36' 31,68'' N 8° 23' 33,00'' W ",1791229260000,31 - Em Conclusão,Outras Ocorrências,27940048,-8.392488,39.60879,20261417896,Santa Cruz,Lisboa e Vale do Tejo,2026-10-05T18:14:00Z,2026-10-05,Em resolução/conclusão,3111,0,0,0,Resolução/Conclusão,Tomar,Santarém,Centro,-8.392488,39.60879,Queima
49769022,20261417918,7,Em Resolução,Em Resolução,05/10/2026 19:18,1791224280000,2026-10-05,19:18,2026,0/00:22,22,---,3201,3201 - Detritos não confinados,Norte,Ave,Guimarães,Sande (São Clemente), --- ,Rua do Pombal,10,0,10,2,0,1,41.483863,-8.372592,41.483863°N 8.372592°W,"41°29,0340'N 8°22,3560'W ","41° 29' 2,04'' N 8° 22' 21,36'' W ",1791229260000,32 - Em Resolução,Outros Incêndios,27940070,-8.372592,41.483863,20261417918, --- ,Norte,2026-10-05T18:18:00Z,2026-10-05,Em resolução/conclusão,3201,0,2,10,Resolução/Conclusão,Guimarães,Braga,Norte,-8.372592,41.483863,Detritos não confinados
49769023,20261417926,5,Despacho de 1º Alerta,Em Despacho,05/10/2026 19:24,1791224640000,2026-10-05,19:24,2026,0/00:16,16,ATI,3103,3103 - Mato,Centro,Região de Leiria,Batalha,Batalha,Batalha,"Rua de Cima 3, 2440-501 Batalha, Portugal",15,0,15,3,0,1,39.64404,-8.808203,39.644040°N 8.808203°W,"39°38,6400'N 8°48,4920'W ","39° 38' 38,40'' N 8° 48' 29,52'' W ",1791229260000,31 - Em Despacho,Incêndios Rurais,27940078,-8.808203,39.64404,20261417926,Batalha,Centro,2026-10-05T18:24:00Z,2026-10-05,Despacho De 1º Alerta,3103,0,3,15,Despacho De 1º Alerta,Batalha,Leiria,Centro,-8.808203,39.64404,Mato
49769024,20261417927,6,Em Curso,Em Curso,05/10/2026 19:20,1791224400000,2026-10-05,19:20,2026,0/00:20,20,---,3201,3201 - Detritos não confinados,Alentejo,Baixo Alentejo,Moura,Santo Agostinho e São João Baptista e Santo Amador,MOURA,Estrada da Barca,12,0,12,4,0,3,38.148345,-7.46541,38.148345°N 7.465410°W,"38°8,8980'N 7°27,9240'W ","38° 8' 53,88'' N 7° 27' 55,44'' W ",1791229260000,32 - Em Curso,Outros Incêndios,27940079,-7.46541,38.148345,20261417927,MOURA,Alentejo,2026-10-05T18:20:00Z,2026-10-05,Em Curso,3201,0,4,12,Curso,Moura,Beja,Alentejo,-7.46541,38.148345,Detritos não confinados
49769025,20261417929,6,Em Curso,Em Curso,05/10/2026 19:19,1791224340000,2026-10-05,19:19,2026,0/00:21,21,---,3323,3323 - Dano em redes de abastecimento de água,Lisboa e Vale do Tejo,Grande Lisboa,Amadora,Águas Livres,Águas Livres,Rua Gonçalves Zarco nº1,2,0,2,1,0,1,38.745534,-9.219508,38.745534°N 9.219508°W,"38°44,7300'N 9°13,1700'W ","38° 44' 43,80'' N 9° 13' 10,20'' W ",1791229260000,33 - Em Curso,Intervenções em Infraestruturas e vias de comunicação,27940081,-9.219508,38.745534,20261417929,Águas Livres,Lisboa e Vale do Tejo,2026-10-05T18:19:00Z,2026-10-05,Em Curso,3323,0,1,2,Curso,Amadora,Lisboa,Área Metropolitana De Lisboa,-9.219508,38.745534,Dano em redes de abastecimento de água
49769026,20261417930,6,Em Curso,Em Curso,05/10/2026 19:23,1791224580000,2026-10-05,19:23,2026,0/00:17,17,---,4305,4305 - Limpeza de Via e Sinalização de Perigo,Lisboa e Vale do Tejo,Grande Lisboa,Loures,"Camarate, Unhos e Apelação",CATUJAL ,RUA JOSE CARLOS ARY DOS SANTOS ,4,0,4,1,0,1,38.809705,-9.128836,38.809705°N 9.128836°W,"38°48,5820'N 9°7,7280'W ","38° 48' 34,92'' N 9° 7' 43,68'' W ",1791229260000,43 - Em Curso,Outras ocorrências de proteção e socorro,27940082,-9.128836,38.809705,20261417930,CATUJAL ,Lisboa e Vale do Tejo,2026-10-05T18:23:00Z,2026-10-05,Em Curso,4305,0,1,4,Curso,Loures,Lisboa,Área Metropolitana De Lisboa,-9.128836,38.809705,Limpeza de Via e Sinalização de Perigo
49769027,20261417940,5,Despacho de 1º Alerta,Em Despacho,05/10/2026 19:27,1791224820000,2026-10-05,19:27,2026,0/00:13,13,---,4331,"4331 - Busca e Resgate Terrestre, de Animais",Lisboa e Vale do Tejo,Lezíria do Tejo,Alpiarça,Alpiarça,Frade de Baixo,RUA JOSÉ DO VALE,4,0,4,1,0,1,39.186457,-8.5706,39.186457°N 8.570600°W,"39°11,1900'N 8°34,2360'W ","39° 11' 11,40'' N 8° 34' 14,16'' W ",1791229260000,43 - Em Despacho,Outras ocorrências de proteção e socorro,27940092,-8.5706,39.186457,20261417940,Frade de Baixo,Lisboa e Vale do Tejo,2026-10-05T18:27:00Z,2026-10-05,Despacho De 1º Alerta,4331,0,1,4,Despacho De 1º Alerta,Alpiarça,Santarém,Alentejo,-8.5706,39.186457,"Busca e Resgate Terrestre, de Animais"
49769028,20261417942,8,Em Conclusão,Em Conclusão,05/10/2026 19:21,1791224460000,2026-10-05,19:21,2026,0/00:19,19,ATI,3103,3103 - Mato,Lisboa e Vale do Tejo,Grande Lisboa,Odivelas,Pontinha e Famões,Famões,(FA) Rua Cidade Caldas da Rainha,5,0,5,1,0,1,38.788628,-9.214967,38.788628°N 9.214967°W,"38°47,3160'N 9°12,9000'W ","38° 47' 18,96'' N 9° 12' 54,00'' W ",1791229260000,31 - Em Conclusão,Incêndios Rurais,27940094,-9.214967,38.788628,20261417942,Famões,Lisboa e Vale do Tejo,2026-10-05T18:21:00Z,2026-10-05,Em resolução/conclusão,3103,0,1,5,Resolução/Conclusão,Odivelas,Lisboa,Área Metropolitana De Lisboa,-9.214967,38.788628,Mato
